{"":"","ABTOK": [6.305, 102.29555555555555], "ADGIS": [16.698611111111113, 98.54222222222222], "ADLAL": [9.302777777777779, 99.51833333333333], "ADNEP": [8.062222222222223, 101.05499999999999], "AGEDO": [13.405277777777778, 102.36083333333333], "AKATO": [13.621111111111112, 99.17194444444445], "AKVUG": [9.063611111111111, 99.37194444444444], "ALBOS": [14.745, 101.02833333333334], "ALEMI": [12.607222222222221, 101.43333333333334], "ALPHA": [18.543333333333337, 103.32833333333333], "ALUMO": [10.765, 101.85638888888889], "ANBOK": [18.609722222222224, 101.21333333333334], "ANDAX": [9.078055555555554, 98.59583333333333], "ANOBO": [11.05638888888889, 102.245], "ANPAN": [8.854444444444445, 97.62222222222222], "APAGO": [22.203055555555554, 92.64944444444446], "APOBI": [9.029722222222222, 100.47055555555556], "APRIL": [11.001944444444444, 99.71861111111112], "APUSA": [10.015833333333333, 100.33527777777778], "ASEKU": [12.051666666666668, 100.65138888888889], "AROKA": [14.189444444444444, 100.66444444444446], "BASIT": [9.579722222222221, 102.35222222222221], "BATOK": [13.935, 101.89833333333334], "BEKOD": [16.354722222222225, 99.77666666666667], "BENSA": [10.441944444444445, 102.44166666666668], "BERLU": [13.230555555555556, 101.9388888888889], "BETNO": [15.098333333333334, 98.20861111111111], "BIDEG": [12.072777777777777, 103.5], "BIDEM": [14.365, 103.79722222222222], "BISOR": [12.351944444444444, 102.77972222222222], "BITEN": [8.449722222222222, 99.34138888888889], "BOKAK": [12.959999999999999, 102.49638888888889], "BOMAS": [17.384722222222223, 98.09694444444445], "BORNO": [16.349166666666665, 99.69416666666667], "BUNTA": [16.833333333333332, 109.39500000000001], "BUTRA": [15.418333333333333, 105.5961111111111], "BUXEL": [11.728333333333333, 99.7611111111111], "DADSA": [9.120277777777778, 98.29694444444445], "DALAN": [6.468888888888889, 99.65555555555557], "DANDO": [7.515, 100.33999999999999], "DELTA": [16.0, 105.75], "DIRAX": [11.001944444444444, 100.54666666666667], "DIPUN": [12.0825, 101.16972222222223], "DOLNI": [13.294444444444444, 101.18], "DONSI": [10.127222222222223, 100.40027777777779], "DOGVA": [14.51388888888889, 100.57194444444444], "DOVAX": [14.232777777777779, 100.32194444444444], "DUDAT": [14.420277777777777, 100.7213888888889], "DUGIX": [14.022777777777778, 100.42500000000001], "DORNA": [9.41638888888889, 99.77055555555556], "DOXAS": [8.7825, 100.36888888888888], "DOTSU": [13.13888888888889, 100.51583333333333], "DUBAX": [6.432222222222222, 100.12694444444443], "DUGON": [8.023611111111112, 102.09694444444445], "DUKEN": [15.001666666666667, 100.13555555555556], "DUMIG": [14.251388888888888, 101.2363888888889], "EGUBO": [11.477222222222222, 100.08055555555555], "EKAVO": [11.626944444444446, 99.50694444444444], "ELNIB": [13.946388888888889, 102.35555555555555], "EMELA": [10.21361111111111, 101.12472222222222], "EMVEL": [8.743888888888888, 99.3561111111111], "EMTIX": [11.825277777777778, 100.13722222222223], "ENBIL": [16.854722222222225, 105.24333333333334], "GOKEX": [11.304166666666667, 100.42888888888889], "GOKON": [16.716944444444444, 100.80944444444444], "GOMES": [13.401666666666667, 101.585], "GOLUD": [6.285, 102.2775], "GRASO": [15.154722222222222, 103.78722222222223], "GUGIT": [5.5424999999999995, 102.56277777777777], "GUPMO": [8.836666666666668, 100.46388888888889], "GUTSO": [12.805555555555557, 100.58166666666666], "HOTEL": [13.001666666666667, 100.33], "IBITA": [18.92, 91.99694444444445], "IBETO": [14.176666666666666, 99.4961111111111], "IDAGA": [11.001944444444444, 100.89666666666668], "IDKUT": [8.004722222222222, 95.50472222222223], "IDNAR": [8.72888888888889, 99.25666666666666], "IDRUK": [8.456666666666665, 100.92027777777778], "IGONI": [14.4425, 99.90833333333335], "IKERA": [9.529444444444445, 99.25888888888889], "IKOGA": [7.659722222222222, 101.54305555555555], "IKULA": [10.001944444444444, 97.35388888888889], "KADAX": [6.267222222222222, 102.26166666666667], "KAKET": [10.85, 102.6], "KAMKO": [16.110555555555557, 94.21055555555556], "KARMI": [6.4944444444444445, 100.5225], "KASNI": [13.080555555555556, 100.67833333333334], "KEXIL": [17.70111111111111, 99.49833333333333], "KIGOB": [13.112777777777778, 100.85166666666666], "KIKOT": [8.61111111111111, 98.3888888888889], "LADON": [21.103611111111114, 102.96694444444445], "LAMUL": [8.805000000000001, 98.86888888888888], "LEBIM": [13.080833333333333, 100.47333333333333], "LEDER": [17.845555555555553, 102.47361111111111], "LEKIR": [7.275555555555555, 96.8786111111111], "LIMLA": [15.766666666666667, 98.6], "LOSDA": [8.898888888888889, 100.5736111111111], "LUDVI": [15.480277777777777, 98.59166666666667], "LULDA": [12.395833333333332, 94.41666666666667], "LUXIR": [8.471944444444444, 99.03333333333333], "MABKO": [9.8025, 100.59527777777777], "MACHI": [19.21833333333333, 98.56277777777777], "MAKAS": [16.829722222222223, 98.49694444444445], "MALIP": [11.21111111111111, 99.53194444444445], "MARNI": [18.143333333333334, 99.09694444444445], "MENAM": [13.956666666666665, 102.79138888888889], "MENEX": [11.141944444444444, 99.76194444444444], "MEPEL": [16.033333333333335, 92.0], "MIGAR": [14.30638888888889, 98.98527777777778], "MOCHI": [14.600833333333332, 101.65972222222223], "MONBU": [8.449722222222222, 98.68222222222222], "MOTNA": [13.186111111111112, 100.385], "MUBAN": [8.911388888888888, 101.49777777777778], "MUDMA": [9.01388888888889, 97.85416666666666], "NALAO": [19.329444444444444, 103.905], "NILAM": [6.756388888888889, 95.97638888888889], "NIXET": [9.421388888888888, 99.43694444444445], "NOBER": [15.276666666666667, 100.66833333333334], "NOHET": [19.42666666666667, 103.61138888888888], "NOMEK": [9.567777777777778, 98.80972222222222], "NOMEP": [11.641666666666666, 101.08166666666666], "NONEL": [10.88361111111111, 99.89361111111111], "NULBO": [10.48861111111111, 100.61194444444443], "NULMA": [8.521666666666668, 99.0411111111111], "NUNLI": [14.8575, 99.38444444444445], "NURDA": [14.414166666666667, 98.55611111111111], "NUTGU": [7.4675, 98.83888888888889], "NODEG": [13.855, 100.31944444444444], "OBLEX": [7.496666666666667, 100.5411111111111], "OKENA": [16.26888888888889, 104.42583333333334], "OLSEL": [11.569722222222222, 100.28027777777778], "OSADI": [18.323333333333334, 98.875], "OSUKA": [14.713333333333333, 99.71666666666667], "OSPEX": [8.3375, 99.22194444444445], "OSVIP": [7.714722222222222, 98.73583333333333], "OTGOL": [9.218333333333334, 99.54666666666667], "PADET": [10.001944444444444, 98.28861111111111], "PAGLU": [9.26361111111111, 100.28583333333333], "PAKMO": [16.336944444444445, 99.94888888888889], "PANKU": [17.343055555555555, 100.935], "PANTA": [18.230833333333333, 99.32138888888889], "PAPRA": [15.766666666666667, 107.18333333333334], "PASAT": [14.9575, 103.79055555555556], "PASVA": [6.258055555555556, 102.07527777777777], "PIDEL": [12.361944444444443, 101.08722222222222], "PINUN": [9.473611111111111, 100.385], "PIVUT": [17.778888888888886, 99.76472222222222], "POLAK": [13.351666666666667, 100.58166666666666], "PONUK": [20.316111111111113, 100.385], "POPID": [6.485555555555556, 100.53666666666666], "PUKOK": [18.0, 97.71666666666667], "PUMOR": [14.238888888888889, 98.73], "RAMBU": [15.098333333333334, 103.38861111111112], "RAMEI": [15.044444444444444, 103.0111111111111], "RECNO": [8.573611111111111, 99.47361111111111], "REGOS": [12.001944444444444, 100.58166666666666], "RELIP": [8.075555555555555, 100.43861111111111], "RIGTO": [6.707777777777778, 100.25111111111111], "RILVI": [10.392777777777777, 101.36166666666666], "RINDA": [15.583333333333334, 92.0], "RINKA": [17.629444444444445, 99.26916666666666], "RIPMU": [9.147777777777778, 100.37722222222222], "ROBDA": [9.432777777777778, 100.58638888888889], "RUPTA": [12.977500000000001, 101.7925], "RUSET": [7.771111111111111, 97.71583333333334], "SABIS": [12.999722222222221, 100.19027777777778], "SAMOG": [8.001666666666667, 103.24], "SAMAK": [7.9783333333333335, 94.41666666666667], "SAKDA": [11.615, 103.0],